id,name,lat,lon,elevation_m,parent
Q10939754,天柱山乡,27.96518,117.60858,416.26319099944317,铅山县
Q10941617,太源畲族乡,28.00917,117.50778,351.142474292749,铅山县
Q11083304,新滩乡,28.3228,117.68726,59.35312270897406,铅山县
Q11123983,武夷山镇,28.00213,117.80802,269.35324466320895,铅山县
Q11136394,汪二镇,28.28926,117.51639,55.859978446254026,铅山县
Q11174603,鹅湖镇,28.29125,117.78744,64.92945891324385,铅山县
Q14596514,湖坊镇,28.16267,117.5488,82.20990522702535,铅山县
Q14596554,陈坊乡,28.05225,117.54029,173.08694925425965,铅山县
Q14596588,葛仙山乡,28.14104,117.68693,125.8410221853374,铅山县
Q14596615,稼轩乡,28.18916,117.81945,115.29256331920624,铅山县
Q14596624,英将乡,28.13468,117.90798,314.9972693625792,铅山县
Q14596653,篁碧畲族乡,27.89401,117.63725,590.4741467134452,铅山县
Q31852251,永平镇,28.21885,117.7746,91.91117535549917,铅山县
Q31852738,石塘镇,28.11611,117.83886,140.924236378552,铅山县
Q31854685,虹桥乡,28.245,117.67732,92.02304492688474,铅山县
Q31855302,河口镇,28.31612,117.70955,59.356628943372655,铅山县
Q49277067,紫溪乡,28.06987,117.78189,209.94849234745826,铅山县
